id,product_name,product_price,category,availability
1,Island Oasis - Magarita Mix,$8.55,biscuits,Out of stock
2,Veal - Slab Bacon,$7.93,Vegetables,In stock
3,Garbage Bags - Clear,$10.00,Meat,Out of stock
4,Carbonated Water - Wildberry,$6.40,biscuits,In stock
5,Bread - Pumpernickel,$5.86,chocolates,Out of stock
6,Muffin Orange Individual,$2.43,Vegetables,Out of stock
7,Cheese - Goat With Herbs,$4.35,biscuits,In stock
8,"Coconut - Shredded, Unsweet",$4.98,Packet Food,Out of stock
9,Beets - Pickled,$2.84,chocolates,In stock
10,Beans - Kidney White,$7.71,chocolates,Out of stock
11,Pur Source,$0.85,Packet Food,In stock
12,Evaporated Milk - Skim,$6.44,Vegetables,In stock
13,Cinnamon Rolls,$2.25,Milk product,In stock
14,"Rum - Light, Captain Morgan",$4.42,Packet Food,Out of stock
15,Pepper - Scotch Bonnet,$0.60,Milk product,Out of stock
16,Goulash Seasoning,$0.41,Fruits,In stock
17,Honey - Comb,$6.97,biscuits,Out of stock
18,"Olives - Green, Pitted",$5.09,biscuits,Out of stock
19,V8 - Berry Blend,$8.93,Milk product,Out of stock
20,Wine - Toasted Head,$5.88,Packet Food,In stock
21,Plate Pie Foil,$8.25,Vegetables,In stock
22,Sponge Cake Mix - Vanilla,$0.04,Milk product,Out of stock
23,Cookie - Oreo 100x2,$1.32,Milk product,Out of stock
24,Pastry - Lemon Danish - Mini,$5.17,Milk product,Out of stock
25,"Soup - Canadian Pea, Dry Mix",$1.76,noodles,In stock
26,Pepper - Jalapeno,$9.31,Meat,Out of stock
27,Cheese - Brie Roitelet,$4.58,chocolates,In stock
28,Vinegar - White Wine,$9.38,noodles,Out of stock
29,Liqueur - Melon,$8.53,Milk product,In stock
30,Plasticknivesblack,$9.05,Fruits,In stock
31,"Lamb - Shoulder, Boneless",$2.72,Fruits,Out of stock
32,Ham - Proscuitto,$1.99,chocolates,In stock
33,Chutney Sauce - Mango,$3.38,Fruits,Out of stock
34,Compound - Pear,$1.54,Fruits,Out of stock
35,"Veal - Round, Eye Of",$2.30,Milk product,In stock
36,Appetizer - Chicken Satay,$5.60,Milk product,Out of stock
37,Bread - Italian Corn Meal Poly,$5.11,chocolates,In stock
38,Pork - Hock And Feet Attached,$6.29,Vegetables,Out of stock
39,Sugar - Invert,$2.06,Meat,Out of stock
40,"Chicken - Leg, Fresh",$8.25,Milk product,Out of stock
41,Mustard - Dijon,$0.01,Packet Food,Out of stock
42,Wine - Peller Estates Late,$9.01,biscuits,In stock
43,Hinge W Undercut,$0.44,Milk product,Out of stock
44,Halibut - Fletches,$3.60,Packet Food,In stock
45,Garbage Bags - Clear,$6.02,Meat,In stock
46,Cheese - Taleggio D.o.p.,$5.18,biscuits,Out of stock
47,Chips Potato All Dressed - 43g,$2.52,Milk product,Out of stock
48,Soup - French Can Pea,$9.84,Meat,Out of stock
49,"Pepper - White, Whole",$4.08,biscuits,Out of stock
50,"Crab - Dungeness, Whole",$7.91,Packet Food,Out of stock
51,Extract Vanilla Pure,$3.76,Meat,Out of stock
52,Carbonated Water - Wildberry,$0.78,chocolates,In stock
53,Sauce - Hp,$5.31,chocolates,Out of stock
54,Anchovy Fillets,$1.25,biscuits,Out of stock
55,Lobster - Live,$5.06,chocolates,In stock
56,Spinach - Spinach Leaf,$7.35,Fruits,Out of stock
57,Jolt Cola - Electric Blue,$8.97,biscuits,Out of stock
58,"Beef - Cooked, Corned",$3.78,Meat,Out of stock
59,Potatoes - Fingerling 4 Oz,$4.49,Vegetables,In stock
60,Peppercorns - Green,$1.34,chocolates,In stock
61,Bread - Italian Corn Meal Poly,$1.36,Packet Food,Out of stock
62,"Rosemary - Primerba, Paste",$5.38,chocolates,Out of stock
63,Cookies Almond Hazelnut,$7.59,Milk product,In stock
64,Soup - Tomato Mush. Florentine,$9.01,Fruits,In stock
65,Initation Crab Meat,$4.82,Meat,In stock
66,Lettuce - Lolla Rosa,$5.34,noodles,In stock
67,Beef - Ground Lean Fresh,$7.38,Packet Food,In stock
68,Coffee Beans - Chocolate,$8.03,biscuits,Out of stock
69,Wine - Chardonnay Mondavi,$5.31,chocolates,Out of stock
70,Foam Dinner Plate,$6.14,Meat,Out of stock
71,"Mushroom - Shitake, Fresh",$6.71,Milk product,In stock
72,"Fish - Soup Base, Bouillon",$7.21,Packet Food,Out of stock
73,Bread - Triangle White,$9.62,Vegetables,In stock
74,Beer - Sleemans Cream Ale,$5.53,Vegetables,Out of stock
75,Coffee - Ristretto Coffee Capsule,$1.76,chocolates,Out of stock
76,"Turkey - Breast, Boneless Sk On",$6.50,Fruits,In stock
77,Squash - Guords,$0.55,Fruits,In stock
78,Turkey - Ground. Lean,$1.25,Vegetables,Out of stock
79,Tuna - Bluefin,$8.29,Milk product,Out of stock
80,Avocado,$8.50,Fruits,In stock
81,Liners - Baking Cups,$4.81,Packet Food,In stock
82,Milk - Buttermilk,$8.03,chocolates,Out of stock
83,"Fish - Scallops, Cold Smoked",$9.46,Milk product,In stock
84,French Pastry - Mini Chocolate,$8.49,Milk product,Out of stock
85,Cheese - Blue,$9.42,Packet Food,In stock
86,Corn Kernels - Frozen,$4.65,Milk product,Out of stock
87,Corn - On The Cob,$9.31,chocolates,In stock
88,"Sauce - Gravy, Au Jus, Mix",$4.11,Packet Food,Out of stock
89,Rambutan,$8.66,Fruits,Out of stock
90,"Red Snapper - Fillet, Skin On",$9.43,Fruits,Out of stock
91,Broom And Brush Rack Black,$6.43,Packet Food,Out of stock
92,Trout Rainbow Whole,$3.17,Fruits,Out of stock
93,Trueblue - Blueberry Cranberry,$9.04,noodles,Out of stock
94,Muffin - Mix - Mango Sour Cherry,$1.99,noodles,Out of stock
95,"Juice - Tomato, 48 Oz",$2.98,Fruits,In stock
96,"Juice - Grape, White",$7.58,Fruits,Out of stock
97,Sambuca - Opal Nera,$6.34,Fruits,Out of stock
98,"Lamb - Whole Head Off,nz",$1.43,Meat,In stock
99,Shrimp - Black Tiger 6 - 8,$1.31,biscuits,In stock
100,Sauce - Salsa,$3.65,noodles,In stock
101,Wine - Riesling Dr. Pauly,$5.06,chocolates,Out of stock
102,Cookie Dough - Chocolate Chip,$0.62,Packet Food,Out of stock
103,Chicken - Ground,$5.18,Milk product,In stock
104,Banana Turning,$0.59,chocolates,Out of stock
105,Soup - Campbells Bean Medley,$8.47,chocolates,In stock
106,"Doilies - 10, Paper",$1.55,biscuits,In stock
107,Pepper - Red Chili,$5.30,Vegetables,Out of stock
108,Glaze - Clear,$8.42,Milk product,Out of stock
109,Tomatoes - Orange,$9.83,Fruits,In stock
110,Chinese Foods - Chicken,$8.67,Meat,In stock
111,Corn Shoots,$1.49,Meat,In stock
112,Snapple - Iced Tea Peach,$6.23,Vegetables,In stock
113,Thyme - Fresh,$5.26,Meat,In stock
114,Cheese - Feta,$2.64,noodles,In stock
115,Rice - Long Grain,$6.72,Fruits,In stock
116,Lamb Rack - Ontario,$6.51,Vegetables,Out of stock
117,Jack Daniels,$4.39,biscuits,Out of stock
118,"Crab - Claws, 26 - 30",$1.51,Packet Food,Out of stock
119,Pears - Fiorelle,$0.65,Fruits,Out of stock
120,Pear - Packum,$0.98,biscuits,In stock
121,Food Colouring - Pink,$6.52,Meat,Out of stock
122,Mushroom - Crimini,$5.63,noodles,Out of stock
123,"Salmon - Atlantic, Skin On",$9.73,Fruits,In stock
124,Jam - Raspberry,$3.55,Milk product,In stock
125,"Fish - Base, Bouillion",$5.92,noodles,In stock
126,Milk - Chocolate 500ml,$2.28,chocolates,Out of stock
127,"Corn - Cream, Canned",$8.84,Packet Food,In stock
128,Oats Large Flake,$9.98,chocolates,Out of stock
129,Garlic - Peeled,$6.12,Meat,In stock
130,"Gin - Gilbeys London, Dry",$0.17,Fruits,In stock
131,"Brocolinni - Gaylan, Chinese",$8.14,biscuits,Out of stock
132,Tea - Mint,$3.50,Vegetables,Out of stock
133,"Pasta - Cannelloni, Sheets, Fresh",$9.51,chocolates,Out of stock
134,Muffin Chocolate Individual Wrap,$3.04,Packet Food,Out of stock
135,Beer - Camerons Cream Ale,$7.08,chocolates,In stock
136,Calypso - Lemonade,$1.39,Fruits,In stock
137,Juice - Orange 1.89l,$7.41,Meat,Out of stock
138,Jicama,$7.70,Milk product,In stock
139,Ice Cream Bar - Drumstick,$9.12,Vegetables,Out of stock
140,"Lamb - Whole, Frozen",$0.22,Vegetables,Out of stock
141,Pernod,$5.77,chocolates,In stock
142,Vaccum Bag - 14x20,$0.21,chocolates,In stock
143,Beets - Golden,$1.00,Milk product,In stock
144,Beer - Rickards Red,$6.20,Vegetables,Out of stock
145,V8 Splash Strawberry Kiwi,$1.00,Packet Food,In stock
146,"Veal - Round, Eye Of",$8.73,Packet Food,Out of stock
147,"Pork - Back, Long Cut, Boneless",$1.92,Fruits,Out of stock
148,Soup - Campbells Beef Strogonoff,$4.10,chocolates,Out of stock
149,Chicken - Tenderloin,$7.05,biscuits,In stock
150,Beef Ground Medium,$5.14,Packet Food,Out of stock
151,Toamtoes 6x7 Select,$1.01,Meat,Out of stock
152,Wine - Alicanca Vinho Verde,$5.78,Fruits,In stock
153,Tomatoes - Cherry,$0.73,Fruits,In stock
154,Sage - Ground,$7.04,Fruits,Out of stock
155,"Cheese - Cheddar, Old White",$7.52,biscuits,In stock
156,"Basil - Primerba, Paste",$9.30,Milk product,In stock
157,Blackberries,$1.61,Milk product,In stock
158,Muffin Hinge - 211n,$2.42,noodles,Out of stock
159,Plate Pie Foil,$4.07,chocolates,In stock
160,Table Cloth 81x81 Colour,$9.10,noodles,In stock
161,Asparagus - Mexican,$0.03,Fruits,Out of stock
162,"Chicken - Leg, Fresh",$1.05,Vegetables,In stock
163,Muffin Mix - Oatmeal,$8.24,noodles,In stock
164,Wine - Tribal Sauvignon,$5.85,Packet Food,Out of stock
165,Sobe - Lizard Fuel,$0.90,Fruits,In stock
166,Cheese - Goat,$8.19,noodles,In stock
167,Snails - Large Canned,$2.52,chocolates,Out of stock
168,Cheese Cheddar Processed,$8.31,Milk product,Out of stock
169,Tomatoes - Grape,$7.62,Packet Food,Out of stock
170,"Lemonade - Natural, 591 Ml",$5.81,Vegetables,Out of stock
171,"Wine - White, Concha Y Toro",$2.00,Meat,In stock
172,"Quail - Eggs, Fresh",$9.88,chocolates,Out of stock
173,Oil - Coconut,$7.55,Milk product,Out of stock
174,Lobster - Canned Premium,$3.53,Fruits,In stock
175,"Wine - White, Concha Y Toro",$0.94,chocolates,In stock
176,Flour Dark Rye,$6.65,noodles,Out of stock
177,Nantucket - Pomegranate Pear,$4.70,noodles,Out of stock
178,Lemonade - Pineapple Passion,$8.55,Milk product,Out of stock
179,Beef - Top Sirloin,$6.60,Meat,In stock
180,Island Oasis - Cappucino Mix,$5.91,noodles,In stock
181,Bread - Triangle White,$1.34,Fruits,Out of stock
182,Chicken Thigh - Bone Out,$4.11,Meat,In stock
183,"Sauce - White, Mix",$1.26,biscuits,In stock
184,Nescafe - Frothy French Vanilla,$5.17,Vegetables,Out of stock
185,Mustard - Pommery,$2.53,Vegetables,In stock
186,Pail With Metal Handle 16l White,$8.79,noodles,Out of stock
187,Wine - Magnotta - Belpaese,$0.77,noodles,Out of stock
188,Puree - Pear,$2.88,noodles,In stock
189,Pasta - Agnolotti - Butternut,$2.58,noodles,Out of stock
190,Worcestershire Sauce,$2.15,Vegetables,Out of stock
191,Pork - Liver,$4.84,noodles,In stock
192,Yucca,$3.63,Vegetables,In stock
193,Chick Peas - Canned,$2.33,Vegetables,Out of stock
194,Shrimp - 100 / 200 Cold Water,$4.51,Vegetables,In stock
195,Veal - Striploin,$2.68,noodles,Out of stock
196,"Wine - Red, Concha Y Toro",$4.01,Fruits,Out of stock
197,Bowl 12 Oz - Showcase 92012,$6.46,chocolates,Out of stock
198,Assorted Desserts,$3.22,chocolates,Out of stock
199,Energy - Boo - Koo,$2.94,Packet Food,Out of stock
200,Wine - Pinot Noir Mondavi Coastal,$1.77,Meat,Out of stock
201,Remy Red,$3.17,biscuits,Out of stock
202,"Beef - Rouladin, Sliced",$9.31,Meat,Out of stock
203,Stock - Fish,$4.50,Meat,In stock
204,Macaroons - Homestyle Two Bit,$6.83,Fruits,In stock
205,"Wine - Red, Marechal Foch",$9.77,Vegetables,Out of stock
206,Oil - Sesame,$1.63,biscuits,In stock
207,"Coconut - Shredded, Sweet",$1.29,noodles,In stock
208,Coffee - Egg Nog Capuccino,$9.70,Fruits,Out of stock
209,Turkey Tenderloin Frozen,$6.23,Vegetables,Out of stock
210,Steampan Lid,$0.80,biscuits,In stock
211,Creme De Cacao White,$8.41,Packet Food,Out of stock
212,Ginsing - Fresh,$0.33,Milk product,Out of stock
213,Beer - Heinekin,$5.83,Milk product,Out of stock
214,Heavy Duty Dust Pan,$3.51,Packet Food,Out of stock
215,Wine - Chablis 2003 Champs,$9.96,Milk product,In stock
216,Piping - Bags Quizna,$3.16,Meat,Out of stock
217,"Juice - Apple, 500 Ml",$4.91,Meat,Out of stock
218,Crush - Cream Soda,$0.46,noodles,In stock
219,Bonito Flakes - Toku Katsuo,$3.68,Vegetables,In stock
220,Cookie Dough - Chocolate Chip,$9.52,biscuits,Out of stock
221,Momiji Oroshi Chili Sauce,$7.25,biscuits,In stock
222,Pork - Sausage Casing,$7.15,Milk product,Out of stock
223,Alize Gold Passion,$0.35,Vegetables,Out of stock
224,Pastry - French Mini Assorted,$7.78,Vegetables,In stock
225,Grapefruit - Pink,$4.45,Fruits,In stock
226,Greens Mustard,$5.27,Packet Food,Out of stock
227,Sherry - Dry,$6.73,Vegetables,Out of stock
228,Bread - Sour Sticks With Onion,$7.82,biscuits,In stock
229,"Wine - White, French Cross",$8.62,Packet Food,Out of stock
230,Crab - Meat Combo,$0.52,biscuits,Out of stock
231,Wine - Red Oakridge Merlot,$7.39,chocolates,In stock
232,Dc - Frozen Momji,$3.71,Milk product,In stock
233,Couscous,$6.97,Packet Food,In stock
234,Soup Campbells - Tomato Bisque,$5.33,biscuits,In stock
235,Plasticknivesblack,$9.05,Vegetables,Out of stock
236,Lychee,$7.76,Meat,Out of stock
237,Dried Cherries,$2.45,noodles,In stock
238,Oil - Pumpkinseed,$0.37,Meat,In stock
239,"Liqueur Banana, Ramazzotti",$0.56,chocolates,In stock
240,Sour Puss Raspberry,$0.45,Packet Food,In stock
241,Garam Marsala,$5.68,Vegetables,Out of stock
242,Onions - Red,$3.13,noodles,Out of stock
243,Cinnamon Rolls,$5.26,Milk product,In stock
244,Pastry - Mini French Pastries,$8.07,chocolates,In stock
245,Saskatoon Berries - Frozen,$9.58,Meat,Out of stock
246,Chips Potato Salt Vinegar 43g,$9.26,Vegetables,Out of stock
247,Wine - Casillero Deldiablo,$6.21,chocolates,Out of stock
248,Crackers - Trio,$5.99,Packet Food,Out of stock
249,Soupcontfoam16oz 116con,$3.10,Milk product,Out of stock
250,Fenngreek Seed,$0.25,Meat,Out of stock
251,Squid Ink,$7.28,Fruits,In stock
252,Glove - Cutting,$4.15,Meat,In stock
253,Lettuce - Radicchio,$4.34,Fruits,Out of stock
254,"Cheese - Boursin, Garlic / Herbs",$0.09,chocolates,Out of stock
255,"Pasta - Penne Primavera, Single",$5.50,Milk product,In stock
256,The Pop Shoppe - Root Beer,$5.44,Fruits,In stock
257,Macaroons - Two Bite Choc,$9.49,Vegetables,Out of stock
258,Bread - Olive,$3.92,Fruits,In stock
259,"Oranges - Navel, 72",$5.05,chocolates,In stock
260,Island Oasis - Cappucino Mix,$5.04,noodles,In stock
261,"Pepsi, 355 Ml",$0.92,Packet Food,Out of stock
262,Soup - Cream Of Broccoli,$7.11,biscuits,Out of stock
263,Sauce - Alfredo,$5.00,Packet Food,Out of stock
264,Zucchini - Green,$7.32,Meat,In stock
265,Cleaner - Comet,$5.27,Fruits,Out of stock
266,Cake - Cake Sheet Macaroon,$4.67,Milk product,In stock
267,Rice - Brown,$2.26,chocolates,In stock
268,Milk - Chocolate 500ml,$7.58,noodles,Out of stock
269,Beer - Original Organic Lager,$6.66,Meat,Out of stock
270,"Wine - Bourgogne 2002, La",$1.97,Packet Food,Out of stock
271,"Vermacelli - Sprinkles, Assorted",$3.88,Vegetables,Out of stock
272,Longan,$2.06,Packet Food,In stock
273,Vodka - Moskovskaya,$0.62,Fruits,In stock
274,Chocolate - Chips Compound,$5.79,Packet Food,In stock
275,Instant Coffee,$1.95,chocolates,Out of stock
276,"Crab - Back Fin Meat, Canned",$1.65,noodles,In stock
277,Flour - Semolina,$6.10,noodles,Out of stock
278,Canada Dry,$7.72,Milk product,Out of stock
279,Ecolab - Mikroklene 4/4 L,$6.27,Fruits,Out of stock
280,Marjoram - Fresh,$4.01,Milk product,In stock
281,Chef Hat 25cm,$3.63,Vegetables,In stock
282,Urban Zen Drinks,$1.66,biscuits,Out of stock
283,Clam Nectar,$1.68,biscuits,In stock
284,Crackers - Trio,$4.37,Milk product,In stock
285,Soup Campbells - Tomato Bisque,$0.55,Packet Food,In stock
286,Higashimaru Usukuchi Soy,$1.35,Fruits,Out of stock
287,Tea - Earl Grey,$6.00,Meat,In stock
288,Wine - Baron De Rothschild,$2.97,Vegetables,In stock
289,Scallops - In Shell,$6.53,chocolates,In stock
290,Juice - Happy Planet,$4.37,noodles,Out of stock
291,Quiche Assorted,$6.16,Fruits,Out of stock
292,Chips Potato Salt Vinegar 43g,$6.51,Milk product,Out of stock
293,Cheese - Brie Roitelet,$2.18,Milk product,Out of stock
294,"Pepper - Black, Ground",$3.38,noodles,In stock
295,Pop - Club Soda Can,$7.61,biscuits,Out of stock
296,Sauce - Chili,$1.13,Milk product,Out of stock
297,Wine - Vidal Icewine Magnotta,$8.95,Milk product,Out of stock
298,"Chicken - White Meat, No Tender",$9.43,biscuits,Out of stock
299,Cheese - Cottage Cheese,$8.84,Meat,Out of stock
300,Capon - Whole,$8.07,Milk product,In stock
301,Dooleys Toffee,$5.03,Packet Food,Out of stock
302,Eggplant - Regular,$6.56,biscuits,Out of stock
303,"Chocolate - Milk, Callets",$3.37,Fruits,In stock
304,Currants,$3.52,noodles,In stock
305,Trueblue - Blueberry Cranberry,$9.18,Fruits,Out of stock
306,Cheese - Goat,$6.16,Packet Food,In stock
307,"Beef - Bones, Cut - Up",$8.25,biscuits,Out of stock
308,Veal - Inside,$4.12,chocolates,In stock
309,Sausage - Chorizo,$5.59,Packet Food,Out of stock
310,Octopus,$6.64,Vegetables,Out of stock
311,Pepperoni Slices,$6.71,Fruits,Out of stock
312,Coffee - Egg Nog Capuccino,$1.18,Meat,Out of stock
313,Longos - Chicken Cordon Bleu,$1.05,Vegetables,Out of stock
314,"Nut - Pistachio, Shelled",$0.76,Fruits,In stock
315,Wooden Mop Handle,$5.91,Meat,In stock
316,Maintenance Removal Charge,$7.86,noodles,In stock
317,"Cheese - Brie,danish",$1.52,Vegetables,In stock
318,Kellogs Special K Cereal,$2.87,Vegetables,In stock
319,Wine - Pinot Grigio Collavini,$8.45,Vegetables,Out of stock
320,Burger Veggie,$2.05,Vegetables,Out of stock
321,Apron,$0.71,biscuits,In stock
322,Table Cloth 62x114 White,$7.77,Packet Food,Out of stock
323,Snapple - Iced Tea Peach,$3.68,Milk product,Out of stock
324,"Marjoram - Dried, Rubbed",$7.64,Meat,In stock
325,Coffee - Hazelnut Cream,$5.60,chocolates,In stock
326,Cheese - Bakers Cream Cheese,$8.85,Fruits,In stock
327,Appetizer - Smoked Salmon / Dill,$9.94,biscuits,Out of stock
328,Beets - Golden,$4.28,Fruits,In stock
329,"Soup - Campbells, Cream Of",$0.45,Fruits,Out of stock
330,Wine - Prem Select Charddonany,$2.95,Fruits,Out of stock
331,Beer - Creemore,$9.32,Meat,Out of stock
332,Pepper - Green,$3.17,Packet Food,In stock
333,"Cheese - Boursin, Garlic / Herbs",$1.99,Milk product,Out of stock
334,Wine - Montecillo Rioja Crianza,$6.95,Meat,In stock
335,Bread Bowl Plain,$1.17,Meat,Out of stock
336,Wine - White Cab Sauv.on,$8.93,Milk product,Out of stock
337,Trueblue - Blueberry Cranberry,$1.20,noodles,In stock
338,Pepper - Chilli Seeds Mild,$4.51,Packet Food,Out of stock
339,Canada Dry,$7.35,chocolates,Out of stock
340,Flour - Bread,$4.49,chocolates,In stock
341,Bandage - Flexible Neon,$5.49,chocolates,In stock
342,Beef - Ground Medium,$6.22,biscuits,In stock
343,Cream - 35%,$6.33,Vegetables,In stock
344,Carbonated Water - Orange,$4.12,noodles,Out of stock
345,Bread - Multigrain Oval,$5.14,Vegetables,In stock
346,Bread - Olive Dinner Roll,$6.14,Milk product,In stock
347,Pastry - Banana Tea Loaf,$7.05,biscuits,In stock
348,Cup Translucent 9 Oz,$3.81,Vegetables,In stock
349,Swiss Chard,$2.61,Meat,Out of stock
350,Pasta - Angel Hair,$4.60,Fruits,In stock
351,Milk - Skim,$4.46,Milk product,Out of stock
352,Bread - Burger,$5.15,Milk product,Out of stock
353,Figs,$8.75,chocolates,Out of stock
354,Rosemary - Fresh,$7.31,Milk product,Out of stock
355,Juice - Lemon,$4.90,Packet Food,In stock
356,Fudge - Chocolate Fudge,$7.24,Vegetables,In stock
357,Wine - Chateauneuf Du Pape,$3.90,chocolates,Out of stock
358,Tuna - Bluefin,$7.42,Packet Food,In stock
359,Rice Paper,$1.69,Fruits,Out of stock
360,Oil - Coconut,$4.06,noodles,Out of stock
361,Nantucket - 518ml,$8.45,chocolates,Out of stock
362,Parsley - Dried,$7.50,Vegetables,Out of stock
363,Honey - Comb,$6.16,Milk product,Out of stock
364,Sultanas,$4.99,Meat,In stock
365,Sour Puss Sour Apple,$7.36,biscuits,Out of stock
366,Bread - Crusty Italian Poly,$1.28,biscuits,Out of stock
367,Prunes - Pitted,$1.02,Fruits,In stock
368,"Wine - White, Colubia Cresh",$4.46,Vegetables,Out of stock
369,Longos - Chicken Wings,$3.57,Packet Food,In stock
370,"Rum - Dark, Bacardi, Black",$4.24,chocolates,In stock
371,"Olives - Black, Pitted",$3.45,noodles,Out of stock
372,Onion - Dried,$3.58,biscuits,In stock
373,"Yogurt - Banana, 175 Gr",$3.08,Packet Food,Out of stock
374,Sole - Iqf,$0.35,Vegetables,Out of stock
375,Calypso - Lemonade,$1.49,noodles,Out of stock
376,Oil - Macadamia,$1.97,Packet Food,In stock
377,"Lamb - Whole, Frozen",$6.14,Packet Food,Out of stock
378,Walkers Special Old Whiskey,$6.75,Meat,In stock
379,Chips Potato Reg 43g,$9.08,biscuits,Out of stock
380,"Lamb - Loin, Trimmed, Boneless",$1.37,Packet Food,Out of stock
381,"Rum - Coconut, Malibu",$7.48,Vegetables,Out of stock
382,Tray - 16in Rnd Blk,$9.49,Packet Food,In stock
383,Absolut Citron,$8.21,Vegetables,In stock
384,Apples - Spartan,$4.80,Fruits,In stock
385,Pepper - Roasted Red,$5.14,Vegetables,Out of stock
386,Bag Stand,$4.17,biscuits,In stock
387,Wine - Two Oceans Sauvignon,$1.10,noodles,In stock
388,Wine - Prem Select Charddonany,$0.70,Packet Food,In stock
389,Veal - Inside,$0.36,Milk product,Out of stock
390,Sauce - Chili,$2.22,Packet Food,In stock
391,Venison - Striploin,$6.89,Packet Food,In stock
392,Wine - Fume Blanc Fetzer,$0.55,Vegetables,In stock
393,Scallops 60/80 Iqf,$1.85,noodles,Out of stock
394,Onion Powder,$1.53,Vegetables,Out of stock
395,Garam Marsala,$7.13,biscuits,In stock
396,Water - San Pellegrino,$4.33,biscuits,In stock
397,Sprouts - Baby Pea Tendrils,$0.71,Fruits,In stock
398,Green Scrubbie Pad H.duty,$4.10,Milk product,Out of stock
399,"Wine - White, Lindemans Bin 95",$5.89,chocolates,Out of stock
400,Rice - Sushi,$9.71,Vegetables,Out of stock
401,Wine - Rosso Del Veronese Igt,$7.22,Milk product,Out of stock
402,Pumpkin,$6.94,chocolates,Out of stock
403,"Pepper - Paprika, Hungarian",$1.98,Fruits,Out of stock
404,Wine - Malbec Trapiche Reserve,$3.21,Vegetables,In stock
405,"Tomatoes - Vine Ripe, Red",$6.30,chocolates,In stock
406,"Yogurt - Raspberry, 175 Gr",$3.53,Milk product,In stock
407,"Doilies - 10, Paper",$7.65,Fruits,In stock
408,Lemon Pepper,$5.43,Vegetables,Out of stock
409,Spice - Montreal Steak Spice,$0.75,Milk product,Out of stock
410,"Pepper - Black, Whole",$6.96,chocolates,In stock
411,Bread Foccacia Whole,$9.59,Packet Food,In stock
412,Pie Box - Cello Window 2.5,$2.03,Packet Food,Out of stock
413,Wine - Alicanca Vinho Verde,$6.71,Meat,Out of stock
414,Sword Pick Asst,$0.79,biscuits,Out of stock
415,Cup Translucent 9 Oz,$4.06,Meat,Out of stock
416,Poppy Seed,$7.86,noodles,Out of stock
417,Roe - White Fish,$6.92,Meat,Out of stock
418,Wine - Barossa Valley Estate,$5.71,noodles,Out of stock
419,Hersey Shakes,$1.49,biscuits,In stock
420,Chips Potato Reg 43g,$8.34,Vegetables,In stock
421,Appetizer - Smoked Salmon / Dill,$7.97,biscuits,In stock
422,Flour Dark Rye,$6.72,Meat,In stock
423,"Nut - Chestnuts, Whole",$9.29,Milk product,Out of stock
424,Danishes - Mini Raspberry,$1.56,noodles,Out of stock
425,Phyllo Dough,$1.61,Packet Food,In stock
426,Carrots - Jumbo,$2.32,biscuits,In stock
427,Browning Caramel Glace,$0.60,Milk product,In stock
428,Wine - Prosecco Valdobienne,$7.25,chocolates,In stock
429,Pork - Liver,$3.97,Fruits,Out of stock
430,Dasheen,$6.47,biscuits,In stock
431,"Radish - Black, Winter, Organic",$6.81,Milk product,Out of stock
432,Cheese - Goat With Herbs,$3.56,Fruits,Out of stock
433,Aspic - Amber,$2.75,biscuits,Out of stock
434,Bread Cranberry Foccacia,$3.55,noodles,Out of stock
435,Soup Campbells Turkey Veg.,$9.26,Milk product,In stock
436,Rosemary - Fresh,$1.60,Vegetables,Out of stock
437,"Rum - Spiced, Captain Morgan",$4.24,Milk product,Out of stock
438,Sansho Powder,$8.53,chocolates,In stock
439,Juice - Prune,$0.25,Vegetables,In stock
440,"Tomatoes - Vine Ripe, Red",$6.41,Vegetables,Out of stock
441,Ham - Procutinni,$5.71,Vegetables,In stock
442,"Yeast - Fresh, Fleischman",$6.69,Milk product,In stock
443,Appetizer - Escargot Puff,$8.93,chocolates,Out of stock
444,Dates,$7.58,biscuits,Out of stock
445,Tomatoes Tear Drop Yellow,$1.25,Vegetables,Out of stock
446,Juice - Orange 1.89l,$2.27,Vegetables,In stock
447,Wine La Vielle Ferme Cote Du,$7.81,Meat,Out of stock
448,"Beef - Rib Roast, Cap On",$5.87,Milk product,Out of stock
449,"Placemat - Scallop, White",$1.76,Packet Food,Out of stock
450,Fondant - Icing,$3.09,biscuits,In stock
451,"Nut - Almond, Blanched, Sliced",$0.92,biscuits,In stock
452,The Pop Shoppe - Grape,$9.26,Meat,In stock
453,Squash - Acorn,$1.22,Meat,Out of stock
454,Cookie Dough - Chocolate Chip,$3.29,noodles,Out of stock
455,Crackers - Water,$6.37,Milk product,In stock
456,Veal - Inside,$8.51,chocolates,Out of stock
457,Irish Cream - Baileys,$6.16,chocolates,Out of stock
458,Bread - White Mini Epi,$9.55,biscuits,Out of stock
459,Cheese - Swiss Sliced,$6.97,Fruits,In stock
460,Uniform Linen Charge,$4.73,biscuits,Out of stock
461,Muffin - Blueberry Individual,$5.40,noodles,In stock
462,Compound - Strawberry,$6.20,chocolates,Out of stock
463,Bread - Corn Muffaleta Onion,$7.09,Milk product,Out of stock
464,Pastry - Raisin Muffin - Mini,$3.66,noodles,In stock
465,English Muffin,$9.16,Milk product,In stock
466,Wine - Penfolds Koonuga Hill,$3.62,Meat,Out of stock
467,Canadian Emmenthal,$0.46,Meat,Out of stock
468,Oil - Peanut,$3.64,biscuits,In stock
469,Gherkin,$1.57,biscuits,Out of stock
470,"Liqueur Banana, Ramazzotti",$9.58,biscuits,In stock
471,Soup - Boston Clam Chowder,$4.28,Vegetables,Out of stock
472,Breadfruit,$7.07,Packet Food,In stock
473,"Wine - Red, Gamay Noir",$3.88,Fruits,In stock
474,Alize Sunset,$8.41,Milk product,In stock
475,Soup Bowl Clear 8oz92008,$1.35,Meat,In stock
476,"Chicken - White Meat, No Tender",$4.49,Vegetables,Out of stock
477,Apple - Granny Smith,$8.62,chocolates,Out of stock
478,Mini - Vol Au Vents,$6.77,Meat,In stock
479,Taro Root,$1.54,noodles,In stock
480,"Corn - Cream, Canned",$0.22,biscuits,In stock
481,Wine - Chablis J Moreau Et Fils,$9.82,Vegetables,Out of stock
482,Carbonated Water - Strawberry,$4.91,Vegetables,Out of stock
483,Wine - Zinfandel Rosenblum,$2.59,biscuits,Out of stock
484,Wine - Mondavi Coastal Private,$8.38,Milk product,Out of stock
485,Cake Sheet Combo Party Pack,$1.20,Packet Food,Out of stock
486,Carbonated Water - White Grape,$3.00,Fruits,In stock
487,Pie Pecan,$9.87,Vegetables,In stock
488,Pepper - Yellow Bell,$4.68,biscuits,Out of stock
489,"Salsify, Organic",$1.22,chocolates,In stock
490,Jolt Cola,$0.51,chocolates,Out of stock
491,Extract Vanilla Pure,$7.92,Milk product,In stock
492,Syrup - Monin - Granny Smith,$0.89,Vegetables,Out of stock
493,Pastry - Cherry Danish - Mini,$4.34,Packet Food,Out of stock
494,Mace,$6.32,Milk product,In stock
495,Wanton Wrap,$7.50,Packet Food,In stock
496,Cheese - Montery Jack,$3.72,chocolates,Out of stock
497,Beef Dry Aged Tenderloin Aaa,$5.26,chocolates,Out of stock
498,Corn Syrup,$8.91,Vegetables,In stock
499,Hot Chocolate - Individual,$3.60,Milk product,In stock
500,Cocoa Butter,$0.80,Packet Food,Out of stock
501,Lettuce - Belgian Endive,$3.79,Packet Food,Out of stock
502,"Cheese - Mozzarella, Shredded",$8.76,Packet Food,In stock
503,Pork - Back Ribs,$5.88,noodles,Out of stock
504,Latex Rubber Gloves Size 9,$0.23,Vegetables,In stock
505,"Wine - White, Chardonnay",$0.23,Fruits,Out of stock
506,Cocoa Powder - Natural,$5.39,Fruits,Out of stock
507,Beer - Blue Light,$9.38,Milk product,Out of stock
508,"Yogurt - Peach, 175 Gr",$4.00,Packet Food,Out of stock
509,Huck White Towels,$9.24,Vegetables,In stock
510,Cheese - Goat,$5.70,chocolates,In stock
511,Oil - Cooking Spray,$2.01,noodles,In stock
512,"Wine - White, Pelee Island",$1.96,Packet Food,In stock
513,Mousse - Banana Chocolate,$3.09,Fruits,Out of stock
514,"Artichokes - Knobless, White",$5.99,Vegetables,Out of stock
515,Scallops 60/80 Iqf,$0.10,Milk product,In stock
516,Raisin - Golden,$8.61,chocolates,In stock
517,Dc Hikiage Hira Huba,$9.02,Fruits,Out of stock
518,Veal - Inside,$4.13,Milk product,Out of stock
519,Veal - Striploin,$2.83,Milk product,Out of stock
520,Scallops - 20/30,$3.68,Vegetables,In stock
521,Pork Loin Cutlets,$1.04,Meat,Out of stock
522,Milkettes - 2%,$1.75,Meat,In stock
523,Fork - Plastic,$4.81,noodles,Out of stock
524,Lid - 16 Oz And 32 Oz,$2.01,biscuits,In stock
525,Sproutsmustard Cress,$3.54,noodles,In stock
526,Ham - Black Forest,$8.93,Packet Food,In stock
527,Campari,$3.33,Milk product,In stock
528,Mangoes,$6.38,biscuits,In stock
529,Sloe Gin - Mcguinness,$8.05,Meat,Out of stock
530,Pepper - Scotch Bonnet,$2.81,Meat,In stock
531,Raspberries - Fresh,$5.06,chocolates,In stock
532,Mousse - Banana Chocolate,$9.72,noodles,Out of stock
533,"Juice - Grapefruit, 341 Ml",$4.48,noodles,In stock
534,Water - Aquafina Vitamin,$2.52,Meat,Out of stock
535,"Beef - Tongue, Fresh",$4.00,chocolates,Out of stock
536,Soup - Campbells Chili,$9.94,noodles,In stock
537,Potatoes - Mini Red,$5.16,chocolates,Out of stock
538,Cookie Trail Mix,$8.77,noodles,Out of stock
539,Onion - Dried,$7.95,biscuits,In stock
540,Sauce - Roasted Red Pepper,$3.34,Meat,In stock
541,Straws - Cocktale,$8.72,Packet Food,In stock
542,Onions - Red,$4.68,Packet Food,Out of stock
543,Crab - Meat,$1.57,noodles,Out of stock
544,Cake - Sheet Strawberry,$5.96,Fruits,Out of stock
545,Icecream Bar - Del Monte,$4.24,chocolates,Out of stock
546,Cheese - Parmigiano Reggiano,$5.80,Fruits,Out of stock
547,Sea Bass - Whole,$2.93,Packet Food,In stock
548,Puree - Kiwi,$5.03,chocolates,In stock
549,Oil - Avocado,$9.42,chocolates,In stock
550,Energy Drink - Redbull 355ml,$1.46,biscuits,Out of stock
551,"Pasta - Lasagne, Fresh",$5.03,Milk product,Out of stock
552,Higashimaru Usukuchi Soy,$9.63,chocolates,In stock
553,Calypso - Strawberry Lemonade,$5.97,Packet Food,Out of stock
554,Gelatine Leaves - Bulk,$4.39,Fruits,Out of stock
555,Mustard - Seed,$4.69,Packet Food,Out of stock
556,Soup Campbells Split Pea And Ham,$1.72,Vegetables,In stock
557,Bread - Flat Bread,$4.08,Milk product,In stock
558,Spinach - Packaged,$2.65,chocolates,Out of stock
559,Kolrabi,$1.31,Packet Food,Out of stock
560,Rabbit - Frozen,$9.98,Fruits,In stock
561,Scallops - 20/30,$4.44,Meat,In stock
562,"Wine - Cahors Ac 2000, Clos",$0.13,biscuits,Out of stock
563,"Spoon - Soup, Plastic",$6.69,noodles,Out of stock
564,Shrimp - Black Tiger 8 - 12,$8.76,chocolates,Out of stock
565,Beer - Labatt Blue,$5.34,noodles,Out of stock
566,Spic And Span All Purpose,$8.21,Milk product,Out of stock
567,"Roe - Lump Fish, Red",$1.95,Milk product,Out of stock
568,Veal - Loin,$7.62,Fruits,Out of stock
569,Squash - Sunburst,$8.57,Fruits,In stock
570,Radish,$6.02,noodles,Out of stock
571,Muffin Batt - Choc Chk,$6.85,Vegetables,In stock
572,Pork - Bones,$6.11,Fruits,In stock
573,Chocolate - Chips Compound,$9.79,Meat,In stock
574,Coffee - Decaffeinato Coffee,$8.74,Fruits,In stock
575,"Cheese - Brie, Triple Creme",$8.17,Milk product,Out of stock
576,Basil - Pesto Sauce,$0.59,chocolates,Out of stock
577,Lemonade - Pineapple Passion,$3.94,Fruits,In stock
578,Muffin Mix - Banana Nut,$5.83,Meat,In stock
579,"Nut - Pine Nuts, Whole",$4.40,biscuits,In stock
580,Nut - Macadamia,$4.33,Vegetables,Out of stock
581,"Pasta - Orzo, Dry",$7.30,Fruits,Out of stock
582,Eggplant - Baby,$4.25,Meat,Out of stock
583,Wine - Kwv Chenin Blanc South,$7.45,Fruits,Out of stock
584,Pork - Back Ribs,$4.42,Meat,In stock
585,Wakami Seaweed,$9.69,biscuits,In stock
586,Milkettes - 2%,$6.41,Milk product,Out of stock
587,Island Oasis - Mango Daiquiri,$1.37,Packet Food,Out of stock
588,Cheese - Bocconcini,$0.20,Meat,In stock
589,"Cheese - Woolwich Goat, Log",$8.85,Fruits,In stock
590,Bread Base - Italian,$9.67,Packet Food,In stock
591,"Chocolate - Pistoles, Lactee, Milk",$3.94,Packet Food,In stock
592,Lemon Tarts,$2.23,Milk product,In stock
593,Milk - 1%,$0.64,Packet Food,Out of stock
594,Mushroom - Portebello,$8.66,chocolates,In stock
595,Chocolate Bar - Oh Henry,$3.44,Meat,In stock
596,"Jam - Blackberry, 20 Ml Jar",$3.18,noodles,Out of stock
597,Alize Sunset,$0.34,Milk product,Out of stock
598,Onions - Red,$7.14,Packet Food,In stock
599,Pastry - Baked Cinnamon Stick,$6.35,noodles,Out of stock
600,Bread - Sour Batard,$0.37,Meat,In stock
601,Cream Of Tartar,$5.76,noodles,In stock
602,Whmis - Spray Bottle Trigger,$3.01,Milk product,In stock
603,Bread Base - Italian,$9.02,noodles,Out of stock
604,Tea - Green,$7.03,Vegetables,Out of stock
605,Browning Caramel Glace,$5.19,Vegetables,In stock
606,Sauce - Vodka Blush,$8.08,Meat,Out of stock
607,"Shrimp - 21/25, Peel And Deviened",$8.29,Fruits,In stock
608,Soup - Campbells Beef Noodle,$5.21,biscuits,Out of stock
609,Chicken Thigh - Bone Out,$4.78,Packet Food,Out of stock
610,"Syrup - Monin, Amaretta",$6.74,noodles,Out of stock
611,Food Colouring - Red,$7.96,chocolates,Out of stock
612,Cheese - Cheddar With Claret,$3.28,chocolates,In stock
613,Devonshire Cream,$4.86,Milk product,Out of stock
614,Gelatine Powder,$8.02,Meat,In stock
615,Ecolab - Hobart Washarm End Cap,$7.34,Packet Food,In stock
616,Icecream - Dstk Cml And Fdg,$3.06,Fruits,In stock
617,"Ecolab - Orange Frc, Cleaner",$1.18,Packet Food,In stock
618,Cumin - Whole,$4.47,Fruits,Out of stock
619,Flounder - Fresh,$2.80,Fruits,In stock
620,Ginsing - Fresh,$7.89,Vegetables,In stock
621,Zucchini - Green,$7.91,chocolates,In stock
622,Wine - Domaine Boyar Royal,$5.03,noodles,Out of stock
623,Squid - Breaded,$6.95,Meat,In stock
624,Cake Sheet Combo Party Pack,$3.00,noodles,In stock
625,Celery Root,$3.31,Packet Food,In stock
626,Scallops 60/80 Iqf,$2.64,biscuits,Out of stock
627,Pears - Anjou,$8.22,Vegetables,In stock
628,Dried Peach,$3.91,Milk product,Out of stock
629,Beans - Fava Fresh,$2.22,Milk product,Out of stock
630,Bread - Multigrain,$4.85,Milk product,Out of stock
631,Chicken Breast Wing On,$3.83,biscuits,In stock
632,Sugar - Splenda Sweetener,$4.80,Vegetables,In stock
633,Pails With Lids,$9.47,Meat,In stock
634,Beef Flat Iron Steak,$1.56,Milk product,In stock
635,Frangelico,$2.85,Packet Food,In stock
636,Bar Energy Chocchip,$0.09,Fruits,Out of stock
637,Wine - Shiraz South Eastern,$5.44,Packet Food,In stock
638,"Melon - Watermelon, Seedless",$0.79,biscuits,Out of stock
639,Plate Pie Foil,$3.55,Fruits,In stock
640,"Chestnuts - Whole,canned",$9.20,chocolates,In stock
641,Squash - Sunburst,$4.60,Packet Food,Out of stock
642,Praline Paste,$3.95,Fruits,Out of stock
643,Beef - Diced,$5.74,Meat,Out of stock
644,Oil - Coconut,$3.23,Vegetables,In stock
645,Cheese - La Sauvagine,$3.74,noodles,Out of stock
646,"Tortillas - Flour, 10",$1.42,Meat,In stock
647,"Soup - Knorr, French Onion",$3.90,Packet Food,In stock
648,Sponge Cake Mix - Chocolate,$2.68,Milk product,Out of stock
649,Edible Flower - Mixed,$2.32,chocolates,In stock
650,Chicken Thigh - Bone Out,$4.46,Meat,Out of stock
651,Muffin Chocolate Individual Wrap,$6.53,Meat,Out of stock
652,Sansho Powder,$4.41,Packet Food,Out of stock
653,"Mushroom - Oyster, Fresh",$6.56,Vegetables,In stock
654,"Sauce - Apple, Unsweetened",$8.51,Packet Food,In stock
655,Carbonated Water - Cherry,$3.60,noodles,In stock
656,Skirt - 29 Foot,$7.20,Fruits,Out of stock
657,Kohlrabi,$1.43,Packet Food,In stock
658,Yeast Dry - Fermipan,$1.00,Milk product,Out of stock
659,Lettuce - Radicchio,$5.86,biscuits,Out of stock
660,"Pepper - Julienne, Frozen",$8.62,Packet Food,Out of stock
661,Table Cloth 90x90 Colour,$1.51,Milk product,In stock
662,"Pineapple - Canned, Rings",$3.45,Packet Food,Out of stock
663,Nantucket - Carrot Orange,$1.22,Vegetables,Out of stock
664,Table Cloth 62x120 White,$3.83,noodles,Out of stock
665,"Pasta - Cappellini, Dry",$9.02,chocolates,Out of stock
666,"Gin - Gilbeys London, Dry",$6.84,Packet Food,Out of stock
667,Pear - Asian,$9.62,biscuits,Out of stock
668,Swordfish Loin Portions,$9.87,Fruits,In stock
669,Campari,$6.41,Vegetables,Out of stock
670,Pepper - Cayenne,$3.06,Packet Food,Out of stock
671,Paper Cocktail Umberlla 80 - 180,$1.16,biscuits,In stock
672,Sugar - Individual Portions,$0.30,chocolates,In stock
673,Alize Sunset,$3.04,Milk product,Out of stock
674,Chips Potato All Dressed - 43g,$5.00,noodles,In stock
675,"Wine - Red, Antinori Santa",$4.63,biscuits,Out of stock
676,Cabbage - Nappa,$3.31,chocolates,Out of stock
677,Soup - Campbells Beef Stew,$4.64,Meat,Out of stock
678,Carroway Seed,$0.85,chocolates,In stock
679,Jolt Cola - Red Eye,$7.11,Fruits,Out of stock
680,Scampi Tail,$2.05,noodles,In stock
681,Sausage - Liver,$0.60,Milk product,In stock
682,Swordfish Loin Portions,$6.55,Milk product,In stock
683,Bag - Regular Kraft 20 Lb,$6.45,noodles,In stock
684,Beans - Green,$8.83,Packet Food,Out of stock
685,Bread - Sour Sticks With Onion,$2.67,Meat,Out of stock
686,Chocolate Liqueur - Godet White,$5.86,Milk product,In stock
687,"Bread - Multigrain, Loaf",$5.66,Milk product,Out of stock
688,"Wine - Red, Cabernet Sauvignon",$4.49,biscuits,Out of stock
689,Blueberries - Frozen,$5.82,Packet Food,Out of stock
690,Arrowroot,$8.01,Meat,Out of stock
691,"Tomatoes - Vine Ripe, Red",$3.50,Fruits,Out of stock
692,Squid - U 5,$2.04,noodles,In stock
693,Spinach - Frozen,$5.00,Packet Food,In stock
694,Potato - Sweet,$7.96,noodles,In stock
695,Lettuce - Iceberg,$5.37,Packet Food,In stock
696,Ostrich - Prime Cut,$4.60,Packet Food,Out of stock
697,Milk - Buttermilk,$3.61,chocolates,In stock
698,Tea - Decaf 1 Cup,$0.85,Packet Food,Out of stock
699,Pork - Side Ribs,$4.49,chocolates,In stock
700,"Trout - Hot Smkd, Dbl Fillet",$6.23,biscuits,Out of stock
701,Pasta - Angel Hair,$6.27,Vegetables,Out of stock
702,Pasta - Angel Hair,$8.09,chocolates,In stock
703,Coffee - Decafenated,$1.96,Fruits,In stock
704,"Shrimp - 16 - 20 Cooked, Peeled",$9.75,chocolates,In stock
705,"Marjoram - Dried, Rubbed",$4.21,Packet Food,In stock
706,Rosemary - Dry,$1.23,Fruits,Out of stock
707,"Veal - Brisket, Provimi, Bone - In",$6.56,Meat,Out of stock
708,Cookies - Assorted,$7.34,Meat,In stock
709,Sherbet - Raspberry,$5.75,noodles,In stock
710,Veal - Osso Bucco,$7.20,Vegetables,Out of stock
711,Soup - Campbells Bean Medley,$2.13,biscuits,Out of stock
712,Onions - Spanish,$2.45,Vegetables,In stock
713,"Bread - Roll, Canadian Dinner",$5.99,Fruits,Out of stock
714,Cheese - Sheep Milk,$0.81,Meat,Out of stock
715,"Radish - Black, Winter, Organic",$0.37,Packet Food,Out of stock
716,Hersey Shakes,$6.03,Milk product,In stock
717,Sausage - Blood Pudding,$8.79,noodles,In stock
718,Flour - So Mix Cake White,$6.94,Milk product,Out of stock
719,Lamb Tenderloin Nz Fr,$4.37,Milk product,Out of stock
720,Eel - Smoked,$2.00,biscuits,Out of stock
721,Sausage - Meat,$2.67,Fruits,In stock
722,Beer - Guiness,$3.37,noodles,Out of stock
723,"Soup - Campbells, Beef Barley",$8.62,Milk product,In stock
724,Gherkin,$2.77,Vegetables,Out of stock
725,Zucchini - Green,$2.60,Meat,In stock
726,Crush - Cream Soda,$8.51,chocolates,In stock
727,"Pasta - Spaghetti, Dry",$9.77,biscuits,Out of stock
728,Plasticknivesblack,$10.00,biscuits,In stock
729,Mushrooms - Honey,$6.50,Packet Food,Out of stock
730,Cabbage Roll,$0.82,chocolates,In stock
731,Water - Green Tea Refresher,$3.32,noodles,In stock
732,Wine - Guy Sage Touraine,$9.95,chocolates,Out of stock
733,Foam Cup 6 Oz,$2.11,noodles,In stock
734,Trout Rainbow Whole,$6.78,Meat,In stock
735,Sea Urchin,$9.84,Milk product,Out of stock
736,Sugar - Palm,$4.11,chocolates,Out of stock
737,Fruit Salad Deluxe,$7.74,biscuits,In stock
738,Chips Potato All Dressed - 43g,$8.21,biscuits,Out of stock
739,"Pork - Tenderloin, Fresh",$5.58,Packet Food,Out of stock
740,Cheese - Le Cru Du Clocher,$3.63,Packet Food,In stock
741,Danishes - Mini Raspberry,$2.97,noodles,Out of stock
742,Soup Campbells Split Pea And Ham,$3.27,Vegetables,In stock
743,"Pasta - Canelloni, Single Serve",$4.06,noodles,In stock
744,Cheese - Marble,$0.05,Milk product,In stock
745,Bagelers - Cinn / Brown,$7.03,chocolates,In stock
746,Container Clear 8 Oz,$6.71,Fruits,Out of stock
747,Wine - Sicilia Igt Nero Avola,$7.23,noodles,Out of stock
748,Swiss Chard,$8.75,Fruits,In stock
749,Salt - Seasoned,$6.39,Vegetables,In stock
750,Syrup - Monin - Granny Smith,$8.11,chocolates,Out of stock
751,Icecream - Dstk Super Cone,$2.96,chocolates,Out of stock
752,Guava,$0.07,biscuits,Out of stock
753,Beef - Kobe Striploin,$4.62,Vegetables,In stock
754,Bols Melon Liqueur,$1.82,Milk product,In stock
755,Ginger - Fresh,$6.54,Packet Food,In stock
756,Milk Powder,$7.14,biscuits,In stock
757,Wine - Segura Viudas Aria Brut,$4.89,Vegetables,In stock
758,Fudge - Cream Fudge,$8.42,Packet Food,In stock
759,"Vodka - Hot, Lnferno",$3.85,chocolates,In stock
760,"Wine - White, Antinore Orvieto",$2.71,Fruits,Out of stock
761,"Lamb - Racks, Frenched",$9.32,chocolates,Out of stock
762,"Red Snapper - Fillet, Skin On",$7.67,Packet Food,Out of stock
763,Ice Cream Bar - Rolo Cone,$7.96,Meat,In stock
764,Onions - Green,$8.42,chocolates,In stock
765,Sauce - Roasted Red Pepper,$7.42,chocolates,Out of stock
766,Eggplant Italian,$9.88,biscuits,In stock
767,"Soup - Campbells, Beef Barley",$7.99,Fruits,Out of stock
768,Tray - 16in Rnd Blk,$1.54,biscuits,Out of stock
769,Dip - Tapenade,$3.51,biscuits,Out of stock
770,Sea Urchin,$9.97,Meat,In stock
771,Mushroom - Crimini,$4.32,chocolates,Out of stock
772,Chickhen - Chicken Phyllo,$2.48,Packet Food,In stock
773,"Nut - Pistachio, Shelled",$6.63,Milk product,Out of stock
774,Onions Granulated,$9.81,chocolates,Out of stock
775,Salt And Pepper Mix - Black,$9.85,Fruits,In stock
776,Coffee Cup 16oz Foam,$5.31,Meat,In stock
777,"Beef - Ox Tongue, Pickled",$8.49,Vegetables,In stock
778,Rice - Aborio,$9.91,Fruits,Out of stock
779,"Rum - Light, Captain Morgan",$7.51,Fruits,Out of stock
780,Hot Choc Vending,$8.78,Fruits,Out of stock
781,Shopper Bag - S - 4,$3.96,Meat,Out of stock
782,Meldea Green Tea Liquor,$8.69,chocolates,In stock
783,Oil - Cooking Spray,$4.97,Packet Food,Out of stock
784,Garbage Bags - Clear,$0.87,Packet Food,Out of stock
785,Flour - All Purpose,$0.61,Fruits,In stock
786,Iced Tea Concentrate,$4.34,Meat,In stock
787,Extract - Almond,$7.06,Vegetables,In stock
788,Cognac - Courvaisier,$3.29,Fruits,Out of stock
789,"Flour - Bran, Red",$6.77,Packet Food,Out of stock
790,Neckerchief Blck,$9.27,chocolates,Out of stock
791,Pepsi - 600ml,$2.28,Vegetables,Out of stock
792,Tuna - Bluefin,$3.78,Milk product,In stock
793,Muffin Mix - Banana Nut,$7.99,Fruits,Out of stock
794,"Tart Shells - Savory, 2",$9.77,Milk product,In stock
795,Cheese - Gouda,$6.65,biscuits,Out of stock
796,Carbonated Water - Orange,$7.08,biscuits,In stock
797,Sage - Ground,$8.34,Meat,Out of stock
798,Almonds Ground Blanched,$1.13,biscuits,Out of stock
799,Milk - Chocolate 500ml,$4.77,biscuits,Out of stock
800,Cheese Cloth No 100,$5.74,Milk product,In stock
801,"Juice - Grapefruit, 341 Ml",$0.65,Packet Food,Out of stock
802,Table Cloth 54x54 Colour,$7.99,biscuits,In stock
803,"Pasta - Rotini, Dry",$1.90,Fruits,Out of stock
804,Sausage - Blood Pudding,$5.79,noodles,Out of stock
805,Beer - Original Organic Lager,$6.26,Vegetables,Out of stock
806,"Soup - Cream Of Broccoli, Dry",$5.57,Vegetables,In stock
807,Pan Grease,$5.54,Meat,Out of stock
808,Scallop - St. Jaques,$9.46,chocolates,In stock
809,Duck - Fat,$4.06,Meat,In stock
810,Pepper - Pablano,$2.46,Vegetables,Out of stock
811,"Flour - Buckwheat, Dark",$7.33,Milk product,In stock
812,Cotton Wet Mop 16 Oz,$1.72,chocolates,In stock
813,"Cherries - Bing, Canned",$2.10,noodles,In stock
814,Bread - White Mini Epi,$6.06,Meat,In stock
815,Soho Lychee Liqueur,$2.03,Vegetables,In stock
816,"Wine - White, Cooking",$5.71,Packet Food,Out of stock
817,"Octopus - Baby, Cleaned",$3.06,Milk product,In stock
818,Island Oasis - Raspberry,$0.31,Milk product,In stock
819,Chocolate Bar - Oh Henry,$5.10,Milk product,In stock
820,Flower - Dish Garden,$4.20,noodles,Out of stock
821,Kiwi,$2.03,chocolates,In stock
822,Sponge Cake Mix - Chocolate,$1.41,Meat,In stock
823,"Beef - Tenderlion, Center Cut",$8.19,Meat,Out of stock
824,Water - Spring 1.5lit,$0.98,Packet Food,Out of stock
825,"Lamb - Shoulder, Boneless",$3.77,chocolates,Out of stock
826,Lobster - Live,$6.88,Vegetables,Out of stock
827,"Leeks - Baby, White",$5.39,Fruits,In stock
828,Snapple - Mango Maddness,$7.92,noodles,In stock
829,Bread Roll Foccacia,$7.05,Vegetables,Out of stock
830,Swiss Chard,$0.08,Milk product,In stock
831,Veal - Leg,$1.32,Vegetables,In stock
832,Onions - White,$4.11,Packet Food,In stock
833,Beef - Shank,$6.47,chocolates,Out of stock
834,Strawberries - California,$8.21,biscuits,In stock
835,"Nut - Chestnuts, Whole",$2.03,Meat,Out of stock
836,Juice - Prune,$5.92,Packet Food,Out of stock
837,Trout - Smoked,$2.73,biscuits,Out of stock
838,"Squash - Pattypan, Yellow",$2.26,noodles,In stock
839,Wine - Barolo Fontanafredda,$3.08,Meat,In stock
840,"Nut - Almond, Blanched, Sliced",$0.33,Milk product,In stock
841,"Pasta - Fettuccine, Dry",$9.64,Milk product,Out of stock
842,"Apple - Delicious, Red",$4.12,Fruits,In stock
843,Capers - Ox Eye Daisy,$8.34,Fruits,In stock
844,Galliano,$4.24,chocolates,In stock
845,Squash - Butternut,$6.35,Packet Food,Out of stock
846,Pastry - Plain Baked Croissant,$1.24,Fruits,In stock
847,"Iced Tea - Lemon, 460 Ml",$6.62,Packet Food,In stock
848,Peas Snow,$0.42,Fruits,In stock
849,Cheese Cloth,$3.83,biscuits,Out of stock
850,Pancetta,$4.57,Packet Food,Out of stock
851,Snapple Raspberry Tea,$6.31,Meat,Out of stock
852,"Yogurt - Raspberry, 175 Gr",$3.89,Meat,In stock
853,Ecolab - Ster Bac,$2.18,biscuits,In stock
854,Ham - Virginia,$8.63,Milk product,In stock
855,"Butter - Salted, Micro",$6.34,Meat,In stock
856,Longos - Chicken Wings,$1.52,Packet Food,Out of stock
857,"Chicken - Leg, Boneless",$3.76,Vegetables,Out of stock
858,"Bread - White, Sliced",$8.50,biscuits,Out of stock
859,"Chestnuts - Whole,canned",$6.54,Vegetables,In stock
860,Beef Tenderloin Aaa,$5.14,Vegetables,Out of stock
861,Nantucket Apple Juice,$4.08,Milk product,In stock
862,Wine - Saint Emilion Calvet,$9.85,Meat,In stock
863,Island Oasis - Strawberry,$8.24,Packet Food,In stock
864,Fenngreek Seed,$7.91,chocolates,In stock
865,Cookie Double Choco,$8.75,biscuits,In stock
866,Cake - French Pear Tart,$1.67,Vegetables,Out of stock
867,Jam - Raspberry,$5.05,Milk product,In stock
868,Extract Vanilla Pure,$9.19,Milk product,Out of stock
869,"Mushroom - Porcini, Dry",$3.09,chocolates,In stock
870,Assorted Desserts,$6.25,Milk product,In stock
871,Coffee - Irish Cream,$4.54,Meat,In stock
872,Plasticspoonblack,$8.28,Packet Food,Out of stock
873,Potatoes - Idaho 100 Count,$3.22,Milk product,Out of stock
874,Pastry - Baked Scones - Mini,$3.42,Packet Food,In stock
875,Pheasants - Whole,$4.50,Meat,In stock
876,"Wine - Bourgogne 2002, La",$9.88,biscuits,Out of stock
877,Caviar - Salmon,$2.26,Packet Food,Out of stock
878,Flower - Carnations,$3.90,noodles,Out of stock
879,Ecolab Digiclean Mild Fm,$0.97,Packet Food,Out of stock
880,Butter Balls Salted,$1.33,Fruits,In stock
881,Ecolab Silver Fusion,$5.17,biscuits,In stock
882,Muffin Mix - Oatmeal,$1.48,Milk product,Out of stock
883,Flounder - Fresh,$7.62,noodles,Out of stock
884,Cheese - Victor Et Berthold,$2.19,Fruits,Out of stock
885,Cardamon Ground,$2.61,Packet Food,Out of stock
886,Sauce - Rosee,$7.74,noodles,In stock
887,Butcher Twine 4r,$6.89,Vegetables,Out of stock
888,Lamb Rack - Ontario,$8.67,Milk product,Out of stock
889,Wonton Wrappers,$7.85,noodles,In stock
890,"Beans - Black Bean, Preserved",$1.98,Milk product,Out of stock
891,"Tomatoes - Plum, Canned",$3.70,chocolates,Out of stock
892,Oil - Avocado,$2.85,noodles,Out of stock
893,Cookie - Oatmeal,$3.46,noodles,In stock
894,Flour - Bread,$8.77,noodles,In stock
895,Pork - Ham Hocks - Smoked,$2.15,Packet Food,Out of stock
896,Mix Pina Colada,$9.92,Milk product,In stock
897,"Lamb - Pieces, Diced",$9.57,chocolates,Out of stock
898,Tomato Paste,$8.07,Fruits,In stock
899,Dc - Sakura Fu,$8.56,noodles,Out of stock
900,"Pasta - Detalini, White, Fresh",$4.66,Packet Food,In stock
901,Pasta - Cheese / Spinach Bauletti,$2.65,chocolates,Out of stock
902,Danishes - Mini Raspberry,$0.24,Packet Food,Out of stock
903,Monkfish Fresh - Skin Off,$8.42,biscuits,Out of stock
904,"Doilies - 7, Paper",$9.70,Vegetables,In stock
905,Chips Potato Swt Chilli Sour,$7.09,Meat,In stock
906,"Stock - Veal, White",$4.81,Milk product,In stock
907,Blueberries,$9.00,Meat,In stock
908,Cleaner - Comet,$5.83,Packet Food,In stock
909,"Coconut - Creamed, Pure",$1.43,noodles,In stock
910,"Pasta - Tortellini, Fresh",$3.29,Meat,In stock
911,"Pepper - Green, Chili",$8.12,biscuits,In stock
912,Blueberries,$8.65,Packet Food,In stock
913,"Crab - Claws, Snow 16 - 24",$0.85,Fruits,In stock
914,Trout Rainbow Whole,$6.48,biscuits,In stock
915,Beer - Maudite,$4.35,Packet Food,Out of stock
916,Oil - Shortening - All - Purpose,$1.03,Milk product,In stock
917,Sauce - Caesar Dressing,$3.06,Milk product,In stock
918,Jagermeister,$0.40,Meat,In stock
919,"Fish - Base, Bouillion",$1.96,chocolates,Out of stock
920,Wonton Wrappers,$1.80,Vegetables,Out of stock
921,Wasabi Paste,$7.87,Vegetables,In stock
922,Calypso - Pineapple Passion,$0.20,noodles,Out of stock
923,"Vermouth - White, Cinzano",$7.13,noodles,Out of stock
924,Potatoes - Mini Red,$4.35,Packet Food,Out of stock
925,Cabbage - Red,$0.28,Meat,Out of stock
926,Bar Nature Valley,$2.53,Fruits,In stock
927,Tomatoes - Orange,$2.92,chocolates,In stock
928,Chicken - Livers,$7.78,Milk product,Out of stock
929,"Mushroom - Morels, Dry",$3.62,Packet Food,In stock
930,Peach - Halves,$2.60,Milk product,Out of stock
931,Cream - 18%,$6.69,noodles,In stock
932,Cheese - Comtomme,$0.97,Packet Food,In stock
933,Ice Cream - Fudge Bars,$5.98,Fruits,In stock
934,Coffee Swiss Choc Almond,$7.69,chocolates,In stock
935,Cassis,$7.36,Meat,In stock
936,Apple - Custard,$6.64,Meat,In stock
937,Ecolab - Medallion,$3.83,Packet Food,Out of stock
938,Fond - Neutral,$9.03,chocolates,In stock
939,Energy Drink - Franks Pineapple,$1.28,chocolates,In stock
940,"Garlic - Primerba, Paste",$6.26,Packet Food,Out of stock
941,Turkey - Ground. Lean,$9.61,Meat,Out of stock
942,Filo Dough,$4.96,biscuits,In stock
943,Pate - Cognac,$0.33,Milk product,In stock
944,"Juice - V8, Tomato",$4.73,noodles,Out of stock
945,Beer - Labatt Blue,$6.53,Packet Food,In stock
946,Dried Peach,$2.21,Fruits,Out of stock
947,Eggplant - Baby,$2.60,biscuits,In stock
948,Milk - Buttermilk,$9.48,Fruits,Out of stock
949,Sambuca - Opal Nera,$7.15,Meat,In stock
950,Bagel - Sesame Seed Presliced,$4.42,chocolates,Out of stock
951,Cheese - Mix,$8.08,chocolates,Out of stock
952,Oil - Macadamia,$4.15,noodles,In stock
953,Taro Leaves,$8.02,Milk product,Out of stock
954,Chocolate - Milk,$7.30,Milk product,Out of stock
955,Arrowroot,$1.32,biscuits,Out of stock
956,Lid Tray - 12in Dome,$5.14,chocolates,In stock
957,Heavy Duty Dust Pan,$0.08,Fruits,Out of stock
958,Dried Cherries,$4.15,chocolates,Out of stock
959,"Tortillas - Flour, 12",$5.85,Fruits,Out of stock
960,"Soup - Campbells, Butternut",$7.32,Milk product,Out of stock
961,Veal - Provimi Inside,$1.47,Fruits,In stock
962,"Shrimp - 16 - 20 Cooked, Peeled",$5.14,biscuits,Out of stock
963,Fennel - Seeds,$5.98,noodles,In stock
964,Veal - Knuckle,$2.75,Packet Food,In stock
965,Chocolate - White,$9.35,Milk product,In stock
966,Compound - Pear,$6.68,Fruits,Out of stock
967,Dc Hikiage Hira Huba,$0.79,biscuits,In stock
968,Wine - Periguita Fonseca,$3.01,Vegetables,In stock
969,Wine - Magnotta - Cab Franc,$1.14,noodles,In stock
970,Croissants Thaw And Serve,$3.68,Meat,In stock
971,Octopus,$5.69,Packet Food,Out of stock
972,"Beef - Ground, Extra Lean, Fresh",$6.87,chocolates,Out of stock
973,Sambuca Cream,$8.78,Meat,Out of stock
974,Wine - George Duboeuf Rose,$0.58,noodles,Out of stock
975,Veal - Loin,$3.72,Vegetables,In stock
976,Soup Campbells - Italian Wedding,$5.84,Milk product,In stock
977,Pails With Lids,$1.55,noodles,In stock
978,Wine - Rosso Toscano Igt,$1.52,Milk product,In stock
979,Cheese - Gouda Smoked,$2.49,Fruits,Out of stock
980,Plastic Wrap,$4.19,chocolates,Out of stock
981,Muffin Mix - Corn Harvest,$3.53,Meat,Out of stock
982,Crab - Meat,$8.41,biscuits,Out of stock
983,Island Oasis - Lemonade,$3.17,Fruits,Out of stock
984,Parasol Pick Stir Stick,$2.44,noodles,Out of stock
985,Glass Clear 7 Oz Xl,$2.37,Meat,Out of stock
986,Vinegar - White,$1.49,noodles,In stock
987,"Quail - Whole, Bone - In",$7.10,chocolates,Out of stock
988,Salmon - Fillets,$7.42,Milk product,Out of stock
989,Kippers - Smoked,$9.74,biscuits,In stock
990,Hummus - Spread,$3.68,biscuits,Out of stock
991,Bread - Hot Dog Buns,$0.86,chocolates,Out of stock
992,Table Cloth 54x54 Colour,$6.60,biscuits,Out of stock
993,Alize Red Passion,$8.24,Milk product,In stock
994,Sauce - Cranberry,$5.48,Milk product,In stock
995,Longos - Burritos,$0.29,Meat,Out of stock
996,Figs,$1.57,biscuits,Out of stock
997,Venison - Racks Frenched,$7.73,chocolates,In stock
998,Beef - Ground Medium,$3.07,noodles,In stock
999,Sea Bass - Fillets,$5.65,Milk product,Out of stock
1000,Fennel,$5.53,chocolates,In stock
